"240,20080101,   24"
"240,20080102,   -5"
"240,20080103,    4"
"240,20080104,   34"
"240,20080105,   66"
"240,20080106,   45"
"240,20080107,   72"
"240,20080108,   62"
"240,20080109,   65"
"240,20080110,   77"
"240,20080111,   93"
"240,20080112,   56"
"240,20080113,   56"
"240,20080114,   67"
"240,20080115,   82"
"240,20080116,   68"
"240,20080117,   57"
"240,20080118,   94"
"240,20080119,  102"
"240,20080120,  112"
"240,20080121,   98"
"240,20080122,   47"
"240,20080123,   73"
"240,20080124,   87"
"240,20080125,   74"
"240,20080126,   87"
"240,20080127,   84"
"240,20080128,   83"
"240,20080129,   67"
"240,20080130,   52"
"240,20080131,   50"
"240,20080201,   60"
"240,20080202,   39"
"240,20080203,   31"
"240,20080204,   58"
"240,20080205,   78"
"240,20080206,   74"
"240,20080207,   56"
"240,20080208,   63"
"240,20080209,   61"
"240,20080210,   66"
"240,20080211,   70"
"240,20080212,   64"
"240,20080213,   23"
"240,20080214,   35"
"240,20080215,   24"
"240,20080216,   -2"
"240,20080217,    6"
"240,20080218,   15"
"240,20080219,   14"
"240,20080220,   21"
"240,20080221,   70"
"240,20080222,   98"
"240,20080223,   81"
"240,20080224,   93"
"240,20080225,   75"
"240,20080226,   99"
"240,20080227,   71"
"240,20080228,   66"
"240,20080229,   74"
"240,20080301,   90"
"240,20080302,   96"
"240,20080303,   57"
"240,20080304,   28"
"240,20080305,   36"
"240,20080306,   83"
"240,20080307,   67"
"240,20080308,   71"
"240,20080309,   75"
"240,20080310,   59"
"240,20080311,   84"
"240,20080312,   82"
"240,20080313,   77"
"240,20080314,   74"
"240,20080315,   85"
"240,20080316,   74"
"240,20080317,   49"
"240,20080318,   41"
"240,20080319,   44"
"240,20080320,   55"
"240,20080321,   39"
"240,20080322,   13"
"240,20080323,    2"
"240,20080324,   14"
"240,20080325,   17"
"240,20080326,   36"
"240,20080327,   42"
"240,20080328,   63"
"240,20080329,   94"
"240,20080330,   93"
"240,20080331,   91"
"240,20080401,   84"
"240,20080402,   83"
"240,20080403,   77"
"240,20080404,   84"
"240,20080405,   69"
"240,20080406,   38"
"240,20080407,   34"
"240,20080408,   41"
"240,20080409,   55"
"240,20080410,   70"
"240,20080411,   78"
"240,20080412,   86"
"240,20080413,   78"
"240,20080414,   67"
"240,20080415,   62"
"240,20080416,   54"
"240,20080417,   71"
"240,20080418,   80"
"240,20080419,   88"
"240,20080420,  115"
"240,20080421,  125"
"240,20080422,  130"
"240,20080423,  128"
"240,20080424,  113"
"240,20080425,  109"
"240,20080426,  145"
"240,20080427,  169"
"240,20080428,  118"
"240,20080429,  109"
"240,20080430,  121"
"240,20080501,  101"
"240,20080502,  109"
"240,20080503,  134"
"240,20080504,  158"
"240,20080505,  162"
"240,20080506,  173"
"240,20080507,  183"
"240,20080508,  186"
"240,20080509,  198"
"240,20080510,  201"
"240,20080511,  193"
"240,20080512,  201"
"240,20080513,  190"
"240,20080514,  186"
"240,20080515,  172"
"240,20080516,  137"
"240,20080517,  115"
"240,20080518,  108"
"240,20080519,  104"
"240,20080520,  114"
"240,20080521,  135"
"240,20080522,  151"
"240,20080523,  171"
"240,20080524,  181"
"240,20080525,  143"
"240,20080526,  138"
"240,20080527,  165"
"240,20080528,  192"
"240,20080529,  164"
"240,20080530,  152"
"240,20080531,  138"
"240,20080601,  162"
"240,20080602,  217"
"240,20080603,  176"
"240,20080604,  159"
"240,20080605,  148"
"240,20080606,  189"
"240,20080607,  177"
"240,20080608,  183"
"240,20080609,  205"
"240,20080610,  164"
"240,20080611,  143"
"240,20080612,  128"
"240,20080613,  125"
"240,20080614,  133"
"240,20080615,  129"
"240,20080616,  124"
"240,20080617,  145"
"240,20080618,  161"
"240,20080619,  161"
"240,20080620,  160"
"240,20080621,  183"
"240,20080622,  195"
"240,20080623,  144"
"240,20080624,  159"
"240,20080625,  180"
"240,20080626,  171"
"240,20080627,  168"
"240,20080628,  180"
"240,20080629,  176"
"240,20080630,  173"
"240,20080701,  201"
"240,20080702,  217"
"240,20080703,  180"
"240,20080704,  173"
"240,20080705,  174"
"240,20080706,  177"
"240,20080707,  157"
"240,20080708,  153"
"240,20080709,  159"
"240,20080710,  169"
"240,20080711,  173"
"240,20080712,  146"
"240,20080713,  149"
"240,20080714,  180"
"240,20080715,  184"
"240,20080716,  170"
"240,20080717,  153"
"240,20080718,  170"
"240,20080719,  165"
"240,20080720,  144"
"240,20080721,  136"
"240,20080722,  160"
"240,20080723,  191"
"240,20080724,  204"
"240,20080725,  226"
"240,20080726,  213"
"240,20080727,  222"
"240,20080728,  223"
"240,20080729,  202"
"240,20080730,  215"
"240,20080731,  242"
"240,20080801,  196"
"240,20080802,  189"
"240,20080803,  184"
"240,20080804,  181"
"240,20080805,  185"
"240,20080806,  210"
"240,20080807,  193"
"240,20080808,  170"
"240,20080809,  172"
"240,20080810,  184"
"240,20080811,  172"
"240,20080812,  172"
"240,20080813,  166"
"240,20080814,  162"
"240,20080815,  155"
"240,20080816,  165"
"240,20080817,  168"
"240,20080818,  163"
"240,20080819,  177"
"240,20080820,  176"
"240,20080821,  173"
"240,20080822,  153"
"240,20080823,  147"
"240,20080824,  154"
"240,20080825,  180"
"240,20080826,  177"
"240,20080827,  173"
"240,20080828,  181"
"240,20080829,  184"
"240,20080830,  188"
"240,20080831,  210"
"240,20080901,  173"
"240,20080902,  150"
"240,20080903,  145"
"240,20080904,  151"
"240,20080905,  160"
"240,20080906,  169"
"240,20080907,  152"
"240,20080908,  155"
"240,20080909,  177"
"240,20080910,  177"
"240,20080911,  195"
"240,20080912,  159"
"240,20080913,  130"
"240,20080914,  127"
"240,20080915,  125"
"240,20080916,  125"
"240,20080917,  124"
"240,20080918,  110"
"240,20080919,  118"
"240,20080920,  120"
"240,20080921,  135"
"240,20080922,  140"
"240,20080923,  135"
"240,20080924,  137"
"240,20080925,  128"
"240,20080926,  128"
"240,20080927,  122"
"240,20080928,  126"
"240,20080929,  121"
"240,20080930,  136"
"240,20081001,  127"
"240,20081002,  101"
"240,20081003,   91"
"240,20081004,   97"
"240,20081005,  117"
"240,20081006,  115"
"240,20081007,  145"
"240,20081008,  127"
"240,20081009,  105"
"240,20081010,  118"
"240,20081011,  134"
"240,20081012,  132"
"240,20081013,  156"
"240,20081014,  145"
"240,20081015,  140"
"240,20081016,  111"
"240,20081017,   90"
"240,20081018,  109"
"240,20081019,  116"
"240,20081020,  119"
"240,20081021,   99"
"240,20081022,   87"
"240,20081023,   98"
"240,20081024,   91"
"240,20081025,   88"
"240,20081026,  120"
"240,20081027,   82"
"240,20081028,   50"
"240,20081029,   31"
"240,20081030,   35"
"240,20081031,   50"
"240,20081101,   66"
"240,20081102,   86"
"240,20081103,   81"
"240,20081104,   80"
"240,20081105,   92"
"240,20081106,   99"
"240,20081107,   91"
"240,20081108,   91"
"240,20081109,  102"
"240,20081110,  122"
"240,20081111,   94"
"240,20081112,   81"
"240,20081113,   80"
"240,20081114,  108"
"240,20081115,  119"
"240,20081116,   85"
"240,20081117,   71"
"240,20081118,   79"
"240,20081119,   99"
"240,20081120,  100"
"240,20081121,   56"
"240,20081122,   21"
"240,20081123,   14"
"240,20081124,   16"
"240,20081125,   38"
"240,20081126,   62"
"240,20081127,   70"
"240,20081128,   39"
"240,20081129,   25"
"240,20081130,   15"
"240,20081201,   40"
"240,20081202,   34"
"240,20081203,   24"
"240,20081204,   27"
"240,20081205,   46"
"240,20081206,   58"
"240,20081207,   34"
"240,20081208,   24"
"240,20081209,   24"
"240,20081210,   23"
"240,20081211,   33"
"240,20081212,   18"
"240,20081213,   -3"
"240,20081214,   24"
"240,20081215,   23"
"240,20081216,    1"
"240,20081217,   25"
"240,20081218,   50"
"240,20081219,   61"
"240,20081220,   84"
"240,20081221,   91"
"240,20081222,   74"
"240,20081223,   53"
"240,20081224,   65"
"240,20081225,   41"
"240,20081226,   -5"
"240,20081227,  -17"
"240,20081228,  -18"
"240,20081229,  -35"
"240,20081230,  -41"
"240,20081231,  -32"
"240,20090101,    5"
"240,20090102,   -2"
"240,20090103,   -9"
"240,20090104,   31"
"240,20090105,   -8"
"240,20090106,  -43"
"240,20090107,    2"
"240,20090108,  -39"
"240,20090109,  -53"
"240,20090110,  -52"
"240,20090111,   -8"
"240,20090112,   43"
"240,20090113,   45"
"240,20090114,   42"
"240,20090115,   29"
"240,20090116,   18"
"240,20090117,   46"
"240,20090118,   55"
"240,20090119,   44"
"240,20090120,   38"
"240,20090121,   34"
"240,20090122,   45"
"240,20090123,   52"
"240,20090124,   40"
"240,20090125,   25"
"240,20090126,   14"
"240,20090127,   -4"
"240,20090128,  -14"
"240,20090129,   -5"
"240,20090130,    3"
"240,20090131,    3"
"240,20090201,  -11"
"240,20090202,   12"
"240,20090203,   20"
"240,20090204,    4"
"240,20090205,   30"
"240,20090206,   42"
"240,20090207,   28"
"240,20090208,   11"
"240,20090209,   28"
"240,20090210,   36"
"240,20090211,   22"
"240,20090212,   14"
"240,20090213,   20"
"240,20090214,   -7"
"240,20090215,   23"
"240,20090216,   60"
"240,20090217,   41"
"240,20090218,   -1"
"240,20090219,   25"
"240,20090220,   50"
"240,20090221,   54"
"240,20090222,   64"
"240,20090223,   58"
"240,20090224,   43"
"240,20090225,   54"
"240,20090226,   66"
"240,20090227,   73"
"240,20090228,   73"
"240,20090301,   66"
"240,20090302,   50"
"240,20090303,   63"
"240,20090304,   56"
"240,20090305,   46"
"240,20090306,   47"
"240,20090307,   53"
"240,20090308,   73"
"240,20090309,   63"
"240,20090310,   58"
"240,20090311,   65"
"240,20090312,   79"
"240,20090313,   75"
"240,20090314,   85"
"240,20090315,   78"
"240,20090316,   80"
"240,20090317,   67"
"240,20090318,   55"
"240,20090319,   68"
"240,20090320,   51"
"240,20090321,   49"
"240,20090322,   81"
"240,20090323,   68"
"240,20090324,   53"
"240,20090325,   62"
"240,20090326,   74"
"240,20090327,   67"
"240,20090328,   62"
"240,20090329,   60"
"240,20090330,   57"
"240,20090331,   77"
"240,20090401,   94"
"240,20090402,  115"
"240,20090403,  122"
"240,20090404,   90"
"240,20090405,   91"
"240,20090406,  125"
"240,20090407,  105"
"240,20090408,   86"
"240,20090409,  106"
"240,20090410,  170"
"240,20090411,  158"
"240,20090412,  135"
"240,20090413,   97"
"240,20090414,  124"
"240,20090415,  168"
"240,20090416,  141"
"240,20090417,  119"
"240,20090418,  119"
"240,20090419,  125"
"240,20090420,  133"
"240,20090421,  109"
"240,20090422,   95"
"240,20090423,   93"
"240,20090424,  132"
"240,20090425,  137"
"240,20090426,  122"
"240,20090427,  118"
"240,20090428,   96"
"240,20090429,  111"
"240,20090430,  131"
"240,20090501,  138"
"240,20090502,  122"
"240,20090503,   97"
"240,20090504,  101"
"240,20090505,  119"
"240,20090506,  127"
"240,20090507,  128"
"240,20090508,  119"
"240,20090509,  118"
"240,20090510,  137"
"240,20090511,  114"
"240,20090512,  134"
"240,20090513,  158"
"240,20090514,  153"
"240,20090515,  133"
"240,20090516,  124"
"240,20090517,  125"
"240,20090518,  136"
"240,20090519,  135"
"240,20090520,  141"
"240,20090521,  139"
"240,20090522,  135"
"240,20090523,  163"
"240,20090524,  154"
"240,20090525,  176"
"240,20090526,  133"
"240,20090527,  123"
"240,20090528,  149"
"240,20090529,  153"
"240,20090530,  167"
"240,20090531,  187"
"240,20090601,  187"
"240,20090602,  158"
"240,20090603,  124"
"240,20090604,  103"
"240,20090605,  102"
"240,20090606,  126"
"240,20090607,  118"
"240,20090608,  140"
"240,20090609,  150"
"240,20090610,  141"
"240,20090611,  129"
"240,20090612,  131"
"240,20090613,  156"
"240,20090614,  170"
"240,20090615,  159"
"240,20090616,  145"
"240,20090617,  176"
"240,20090618,  166"
"240,20090619,  153"
"240,20090620,  144"
"240,20090621,  138"
"240,20090622,  143"
"240,20090623,  164"
"240,20090624,  181"
"240,20090625,  204"
"240,20090626,  201"
"240,20090627,  196"
"240,20090628,  190"
"240,20090629,  196"
"240,20090630,  199"
"240,20090701,  212"
"240,20090702,  235"
"240,20090703,  215"
"240,20090704,  200"
"240,20090705,  205"
"240,20090706,  186"
"240,20090707,  167"
"240,20090708,  157"
"240,20090709,  157"
"240,20090710,  149"
"240,20090711,  165"
"240,20090712,  172"
"240,20090713,  185"
"240,20090714,  193"
"240,20090715,  189"
"240,20090716,  200"
"240,20090717,  190"
"240,20090718,  163"
"240,20090719,  171"
"240,20090720,  171"
"240,20090721,  195"
"240,20090722,  191"
"240,20090723,  174"
"240,20090724,  165"
"240,20090725,  171"
"240,20090726,  188"
"240,20090727,  182"
"240,20090728,  179"
"240,20090729,  192"
"240,20090730,  161"
"240,20090731,  168"
"240,20090801,  201"
"240,20090802,  171"
"240,20090803,  167"
"240,20090804,  196"
"240,20090805,  217"
"240,20090806,  232"
"240,20090807,  213"
"240,20090808,  184"
"240,20090809,  171"
"240,20090810,  181"
"240,20090811,  188"
"240,20090812,  180"
"240,20090813,  170"
"240,20090814,  177"
"240,20090815,  205"
"240,20090816,  192"
"240,20090817,  184"
"240,20090818,  198"
"240,20090819,  219"
"240,20090820,  231"
"240,20090821,  177"
"240,20090822,  167"
"240,20090823,  198"
"240,20090824,  207"
"240,20090825,  175"
"240,20090826,  186"
"240,20090827,  191"
"240,20090828,  161"
"240,20090829,  155"
"240,20090830,  161"
"240,20090831,  194"
"240,20090901,  181"
"240,20090902,  165"
"240,20090903,  155"
"240,20090904,  150"
"240,20090905,  152"
"240,20090906,  156"
"240,20090907,  168"
"240,20090908,  198"
"240,20090909,  173"
"240,20090910,  159"
"240,20090911,  150"
"240,20090912,  151"
"240,20090913,  148"
"240,20090914,  157"
"240,20090915,  157"
"240,20090916,  159"
"240,20090917,  139"
"240,20090918,  145"
"240,20090919,  176"
"240,20090920,  154"
"240,20090921,  142"
"240,20090922,  159"
"240,20090923,  168"
"240,20090924,  137"
"240,20090925,  129"
"240,20090926,  130"
"240,20090927,  129"
"240,20090928,  153"
"240,20090929,  156"
"240,20090930,  150"
"240,20091001,  134"
"240,20091002,  122"
"240,20091003,  145"
"240,20091004,  118"
"240,20091005,  114"
"240,20091006,  150"
"240,20091007,  151"
"240,20091008,  114"
"240,20091009,  100"
"240,20091010,  127"
"240,20091011,  125"
"240,20091012,  113"
"240,20091013,   96"
"240,20091014,   55"
"240,20091015,   77"
"240,20091016,  110"
"240,20091017,   88"
"240,20091018,   79"
"240,20091019,   87"
"240,20091020,   80"
"240,20091021,  107"
"240,20091022,   88"
"240,20091023,  101"
"240,20091024,  110"
"240,20091025,  134"
"240,20091026,  126"
"240,20091027,  127"
"240,20091028,  119"
"240,20091029,  134"
"240,20091030,  109"
"240,20091031,  107"
"240,20091101,  134"
"240,20091102,   93"
"240,20091103,   72"
"240,20091104,   79"
"240,20091105,   83"
"240,20091106,   88"
"240,20091107,   74"
"240,20091108,   49"
"240,20091109,   70"
"240,20091110,   79"
"240,20091111,   79"
"240,20091112,   83"
"240,20091113,  135"
"240,20091114,  129"
"240,20091115,   95"
"240,20091116,  104"
"240,20091117,  105"
"240,20091118,  116"
"240,20091119,  102"
"240,20091120,  118"
"240,20091121,  124"
"240,20091122,  110"
"240,20091123,  106"
"240,20091124,  119"
"240,20091125,  108"
"240,20091126,   81"
"240,20091127,   72"
"240,20091128,   73"
"240,20091129,   85"
"240,20091130,   52"
"240,20091201,   54"
"240,20091202,   45"
"240,20091203,   81"
"240,20091204,   58"
"240,20091205,   73"
"240,20091206,   98"
"240,20091207,   73"
"240,20091208,   66"
"240,20091209,   76"
"240,20091210,   96"
"240,20091211,   73"
"240,20091212,   45"
"240,20091213,   15"
"240,20091214,  -25"
"240,20091215,  -26"
"240,20091216,   -5"
"240,20091217,   -2"
"240,20091218,  -20"
"240,20091219,  -60"
"240,20091220,   -6"
"240,20091221,  -17"
"240,20091222,    3"
"240,20091223,   -1"
"240,20091224,    0"
"240,20091225,   26"
"240,20091226,   37"
"240,20091227,   44"
"240,20091228,   33"
"240,20091229,    5"
"240,20091230,    3"
"240,20091231,    4"
"240,20100101,  -16"
"240,20100102,   -6"
"240,20100103,  -34"
"240,20100104,  -15"
"240,20100105,   -2"
"240,20100106,  -28"
"240,20100107,  -48"
"240,20100108,  -57"
"240,20100109,  -18"
"240,20100110,   -1"
"240,20100111,   -2"
"240,20100112,  -15"
"240,20100113,  -33"
"240,20100114,    3"
"240,20100115,   13"
"240,20100116,   11"
"240,20100117,   43"
"240,20100118,   37"
"240,20100119,   39"
"240,20100120,   22"
"240,20100121,   25"
"240,20100122,   24"
"240,20100123,   14"
"240,20100124,   -2"
"240,20100125,  -29"
"240,20100126,  -64"
"240,20100127,   -9"
"240,20100128,   35"
"240,20100129,   24"
"240,20100130,    3"
"240,20100131,   17"
"240,20100201,    5"
"240,20100202,   30"
"240,20100203,   23"
"240,20100204,   60"
"240,20100205,   42"
"240,20100206,   25"
"240,20100207,    9"
"240,20100208,  -33"
"240,20100209,  -28"
"240,20100210,  -24"
"240,20100211,  -19"
"240,20100212,  -21"
"240,20100213,  -12"
"240,20100214,  -24"
"240,20100215,  -32"
"240,20100216,   -6"
"240,20100217,   -3"
"240,20100218,   27"
"240,20100219,   31"
"240,20100220,   14"
"240,20100221,    4"
"240,20100222,   30"
"240,20100223,   15"
"240,20100224,   59"
"240,20100225,   76"
"240,20100226,   69"
"240,20100227,   63"
"240,20100228,   58"
"240,20100301,   39"
"240,20100302,   25"
"240,20100303,   21"
"240,20100304,   17"
"240,20100305,   23"
"240,20100306,    8"
"240,20100307,   -8"
"240,20100308,   12"
"240,20100309,    8"
"240,20100310,    7"
"240,20100311,   30"
"240,20100312,   43"
"240,20100313,   50"
"240,20100314,   61"
"240,20100315,   60"
"240,20100316,   58"
"240,20100317,   72"
"240,20100318,  104"
"240,20100319,  112"
"240,20100320,  129"
"240,20100321,   81"
"240,20100322,   75"
"240,20100323,   92"
"240,20100324,  128"
"240,20100325,  142"
"240,20100326,  104"
"240,20100327,   91"
"240,20100328,   80"
"240,20100329,   99"
"240,20100330,   98"
"240,20100331,   64"
"240,20100401,   56"
"240,20100402,   77"
"240,20100403,   71"
"240,20100404,   67"
"240,20100405,   70"
"240,20100406,  111"
"240,20100407,  128"
"240,20100408,   86"
"240,20100409,   94"
"240,20100410,   75"
"240,20100411,   71"
"240,20100412,   96"
"240,20100413,   96"
"240,20100414,  100"
"240,20100415,   90"
"240,20100416,   79"
"240,20100417,   75"
"240,20100418,   98"
"240,20100419,   89"
"240,20100420,   81"
"240,20100421,   63"
"240,20100422,   70"
"240,20100423,   83"
"240,20100424,  125"
"240,20100425,  133"
"240,20100426,  116"
"240,20100427,  128"
"240,20100428,  160"
"240,20100429,  168"
"240,20100430,  117"
"240,20100501,  105"
"240,20100502,   77"
"240,20100503,   66"
"240,20100504,   73"
"240,20100505,   83"
"240,20100506,   90"
"240,20100507,   80"
"240,20100508,   88"
"240,20100509,   85"
"240,20100510,   69"
"240,20100511,   77"
"240,20100512,   65"
"240,20100513,   72"
"240,20100514,   80"
"240,20100515,   94"
"240,20100516,  115"
"240,20100517,  112"
"240,20100518,   98"
"240,20100519,  111"
"240,20100520,  134"
"240,20100521,  134"
"240,20100522,  142"
"240,20100523,  162"
"240,20100524,  156"
"240,20100525,  125"
"240,20100526,  107"
"240,20100527,  107"
"240,20100528,  113"
"240,20100529,  142"
"240,20100530,  120"
"240,20100531,  126"
"240,20100601,  121"
"240,20100602,  151"
"240,20100603,  158"
"240,20100604,  165"
"240,20100605,  189"
"240,20100606,  180"
"240,20100607,  141"
"240,20100608,  164"
"240,20100609,  173"
"240,20100610,  179"
"240,20100611,  153"
"240,20100612,  134"
"240,20100613,  139"
"240,20100614,  160"
"240,20100615,  133"
"240,20100616,  154"
"240,20100617,  162"
"240,20100618,  131"
"240,20100619,  116"
"240,20100620,  113"
"240,20100621,  134"
"240,20100622,  148"
"240,20100623,  181"
"240,20100624,  187"
"240,20100625,  188"
"240,20100626,  193"
"240,20100627,  216"
"240,20100628,  211"
"240,20100629,  189"
"240,20100630,  196"
"240,20100701,  213"
"240,20100702,  257"
"240,20100703,  203"
"240,20100704,  192"
"240,20100705,  181"
"240,20100706,  161"
"240,20100707,  189"
"240,20100708,  213"
"240,20100709,  248"
"240,20100710,  244"
"240,20100711,  226"
"240,20100712,  201"
"240,20100713,  200"
"240,20100714,  211"
"240,20100715,  183"
"240,20100716,  185"
"240,20100717,  170"
"240,20100718,  178"
"240,20100719,  206"
"240,20100720,  237"
"240,20100721,  212"
"240,20100722,  180"
"240,20100723,  174"
"240,20100724,  162"
"240,20100725,  171"
"240,20100726,  166"
"240,20100727,  180"
"240,20100728,  180"
"240,20100729,  165"
"240,20100730,  179"
"240,20100731,  181"
"240,20100801,  183"
"240,20100802,  173"
"240,20100803,  176"
"240,20100804,  166"
"240,20100805,  155"
"240,20100806,  170"
"240,20100807,  172"
"240,20100808,  171"
"240,20100809,  183"
"240,20100810,  174"
"240,20100811,  170"
"240,20100812,  150"
"240,20100813,  155"
"240,20100814,  185"
"240,20100815,  178"
"240,20100816,  196"
"240,20100817,  166"
"240,20100818,  172"
"240,20100819,  175"
"240,20100820,  208"
"240,20100821,  208"
"240,20100822,  197"
"240,20100823,  188"
"240,20100824,  168"
"240,20100825,  165"
"240,20100826,  167"
"240,20100827,  147"
"240,20100828,  141"
"240,20100829,  135"
"240,20100830,  148"
"240,20100831,  132"
"240,20100901,  134"
"240,20100902,  136"
"240,20100903,  138"
"240,20100904,  141"
"240,20100905,  140"
"240,20100906,  154"
"240,20100907,  126"
"240,20100908,  151"
"240,20100909,  162"
"240,20100910,  158"
"240,20100911,  180"
"240,20100912,  153"
"240,20100913,  152"
"240,20100914,  163"
"240,20100915,  138"
"240,20100916,  126"
"240,20100917,  114"
"240,20100918,  120"
"240,20100919,  139"
"240,20100920,  157"
"240,20100921,  147"
"240,20100922,  161"
"240,20100923,  161"
"240,20100924,  148"
"240,20100925,  109"
"240,20100926,   94"
"240,20100927,  115"
"240,20100928,  129"
"240,20100929,  104"
"240,20100930,  108"
"240,20101001,  124"
"240,20101002,  158"
"240,20101003,  183"
"240,20101004,  178"
"240,20101005,  164"
"240,20101006,  156"
"240,20101007,  141"
"240,20101008,  150"
"240,20101009,  137"
"240,20101010,  117"
"240,20101011,  109"
"240,20101012,  101"
"240,20101013,  105"
"240,20101014,  108"
"240,20101015,  102"
"240,20101016,   78"
"240,20101017,   58"
"240,20101018,   81"
"240,20101019,   94"
"240,20101020,   66"
"240,20101021,   90"
"240,20101022,  105"
"240,20101023,   77"
"240,20101024,   82"
"240,20101025,   65"
"240,20101026,   72"
"240,20101027,   94"
"240,20101028,  117"
"240,20101029,  104"
"240,20101030,  112"
"240,20101031,   91"
"240,20101101,   87"
"240,20101102,  111"
"240,20101103,  128"
"240,20101104,  149"
"240,20101105,  133"
"240,20101106,   94"
"240,20101107,   62"
"240,20101108,   52"
"240,20101109,   48"
"240,20101110,   57"
"240,20101111,   70"
"240,20101112,  114"
"240,20101113,  101"
"240,20101114,  108"
"240,20101115,   55"
"240,20101116,   42"
"240,20101117,   42"
"240,20101118,   50"
"240,20101119,   64"
"240,20101120,   60"
"240,20101121,   59"
"240,20101122,   50"
"240,20101123,   40"
"240,20101124,   29"
"240,20101125,   22"
"240,20101126,   -2"
"240,20101127,    0"
"240,20101128,  -19"
"240,20101129,  -14"
"240,20101130,  -16"
"240,20101201,  -58"
"240,20101202,  -65"
"240,20101203,  -49"
"240,20101204,  -17"
"240,20101205,   26"
"240,20101206,   -1"
"240,20101207,  -21"
"240,20101208,  -17"
"240,20101209,   34"
"240,20101210,   44"
"240,20101211,   74"
"240,20101212,   34"
"240,20101213,   -9"
"240,20101214,  -25"
"240,20101215,   17"
"240,20101216,   18"
"240,20101217,  -18"
"240,20101218,  -38"
"240,20101219,  -50"
"240,20101220,  -74"
"240,20101221,  -40"
"240,20101222,  -19"
"240,20101223,   -1"
"240,20101224,   -6"
"240,20101225,  -16"
"240,20101226,    6"
"240,20101227,   -1"
"240,20101228,    8"
"240,20101229,    9"
"240,20101230,    0"
"240,20101231,   38"
"240,20110101,   41"
"240,20110102,   18"
"240,20110103,    2"
"240,20110104,   12"
"240,20110105,    4"
"240,20110106,   45"
"240,20110107,   45"
"240,20110108,   79"
"240,20110109,   29"
"240,20110110,   10"
"240,20110111,   32"
"240,20110112,   52"
"240,20110113,   94"
"240,20110114,   95"
"240,20110115,   86"
"240,20110116,   96"
"240,20110117,   78"
"240,20110118,   39"
"240,20110119,   36"
"240,20110120,   24"
"240,20110121,    9"
"240,20110122,   48"
"240,20110123,   57"
"240,20110124,   57"
"240,20110125,   45"
"240,20110126,   19"
"240,20110127,    1"
"240,20110128,  -17"
"240,20110129,  -19"
"240,20110130,   -2"
"240,20110131,   -3"
"240,20110201,    7"
"240,20110202,   44"
"240,20110203,   59"
"240,20110204,   94"
"240,20110205,  104"
"240,20110206,  100"
"240,20110207,   81"
"240,20110208,   41"
"240,20110209,   33"
"240,20110210,   70"
"240,20110211,   67"
"240,20110212,   51"
"240,20110213,   53"
"240,20110214,   60"
"240,20110215,   57"
"240,20110216,   62"
"240,20110217,   40"
"240,20110218,   11"
"240,20110219,   21"
"240,20110220,    3"
"240,20110221,  -17"
"240,20110222,  -17"
"240,20110223,    3"
"240,20110224,   51"
"240,20110225,   76"
"240,20110226,   75"
"240,20110227,   47"
"240,20110228,   28"
"240,20110301,   25"
"240,20110302,   19"
"240,20110303,    7"
"240,20110304,    0"
"240,20110305,   29"
"240,20110306,   34"
"240,20110307,   26"
"240,20110308,   31"
"240,20110309,   61"
"240,20110310,   77"
"240,20110311,   65"
"240,20110312,   85"
"240,20110313,  106"
"240,20110314,  103"
"240,20110315,  108"
"240,20110316,   71"
"240,20110317,   54"
"240,20110318,   63"
"240,20110319,   47"
"240,20110320,   48"
"240,20110321,   64"
"240,20110322,   79"
"240,20110323,   81"
"240,20110324,   94"
"240,20110325,   93"
"240,20110326,   53"
"240,20110327,   55"
"240,20110328,   49"
"240,20110329,   67"
"240,20110330,   93"
"240,20110331,  108"
"240,20110401,  118"
"240,20110402,  147"
"240,20110403,  107"
"240,20110404,   97"
"240,20110405,   98"
"240,20110406,  134"
"240,20110407,  108"
"240,20110408,   92"
"240,20110409,  100"
"240,20110410,  112"
"240,20110411,  122"
"240,20110412,   79"
"240,20110413,   84"
"240,20110414,   90"
"240,20110415,  101"
"240,20110416,  104"
"240,20110417,  118"
"240,20110418,  136"
"240,20110419,  161"
"240,20110420,  173"
"240,20110421,  175"
"240,20110422,  194"
"240,20110423,  187"
"240,20110424,  179"
"240,20110425,  168"
"240,20110426,  144"
"240,20110427,  119"
"240,20110428,  143"
"240,20110429,  167"
"240,20110430,  151"
"240,20110501,  132"
"240,20110502,  107"
"240,20110503,   86"
"240,20110504,   85"
"240,20110505,  111"
"240,20110506,  159"
"240,20110507,  206"
"240,20110508,  203"
"240,20110509,  156"
"240,20110510,  160"
"240,20110511,  142"
"240,20110512,  133"
"240,20110513,  135"
"240,20110514,  120"
"240,20110515,  115"
"240,20110516,  133"
"240,20110517,  136"
"240,20110518,  142"
"240,20110519,  130"
"240,20110520,  136"
"240,20110521,  158"
"240,20110522,  147"
"240,20110523,  157"
"240,20110524,  134"
"240,20110525,  157"
"240,20110526,  145"
"240,20110527,  122"
"240,20110528,  130"
"240,20110529,  156"
"240,20110530,  183"
"240,20110531,  129"
"240,20110601,  136"
"240,20110602,  164"
"240,20110603,  184"
"240,20110604,  200"
"240,20110605,  161"
"240,20110606,  149"
"240,20110607,  153"
"240,20110608,  143"
"240,20110609,  145"
"240,20110610,  134"
"240,20110611,  121"
"240,20110612,  145"
"240,20110613,  158"
"240,20110614,  160"
"240,20110615,  169"
"240,20110616,  155"
"240,20110617,  149"
"240,20110618,  147"
"240,20110619,  140"
"240,20110620,  154"
"240,20110621,  171"
"240,20110622,  152"
"240,20110623,  155"
"240,20110624,  143"
"240,20110625,  147"
"240,20110626,  197"
"240,20110627,  247"
"240,20110628,  242"
"240,20110629,  161"
"240,20110630,  150"
"240,20110701,  142"
"240,20110702,  139"
"240,20110703,  147"
"240,20110704,  156"
"240,20110705,  182"
"240,20110706,  175"
"240,20110707,  182"
"240,20110708,  176"
"240,20110709,  168"
"240,20110710,  166"
"240,20110711,  182"
"240,20110712,  179"
"240,20110713,  135"
"240,20110714,  145"
"240,20110715,  174"
"240,20110716,  163"
"240,20110717,  158"
"240,20110718,  149"
"240,20110719,  161"
"240,20110720,  171"
"240,20110721,  165"
"240,20110722,  150"
"240,20110723,  136"
"240,20110724,  129"
"240,20110725,  146"
"240,20110726,  153"
"240,20110727,  173"
"240,20110728,  184"
"240,20110729,  152"
"240,20110730,  146"
"240,20110731,  145"
"240,20110801,  160"
"240,20110802,  210"
"240,20110803,  188"
"240,20110804,  191"
"240,20110805,  185"
"240,20110806,  180"
"240,20110807,  168"
"240,20110808,  156"
"240,20110809,  144"
"240,20110810,  155"
"240,20110811,  174"
"240,20110812,  169"
"240,20110813,  171"
"240,20110814,  175"
"240,20110815,  162"
"240,20110816,  176"
"240,20110817,  169"
"240,20110818,  158"
"240,20110819,  154"
"240,20110820,  170"
"240,20110821,  194"
"240,20110822,  178"
"240,20110823,  189"
"240,20110824,  176"
"240,20110825,  173"
"240,20110826,  178"
"240,20110827,  144"
"240,20110828,  143"
"240,20110829,  133"
"240,20110830,  135"
"240,20110831,  140"
"240,20110901,  129"
"240,20110902,  172"
"240,20110903,  211"
"240,20110904,  184"
"240,20110905,  155"
"240,20110906,  152"
"240,20110907,  155"
"240,20110908,  151"
"240,20110909,  177"
"240,20110910,  206"
"240,20110911,  167"
"240,20110912,  169"
"240,20110913,  158"
"240,20110914,  145"
"240,20110915,  139"
"240,20110916,  140"
"240,20110917,  148"
"240,20110918,  118"
"240,20110919,  131"
"240,20110920,  156"
"240,20110921,  156"
"240,20110922,  145"
"240,20110923,  136"
"240,20110924,  139"
"240,20110925,  159"
"240,20110926,  169"
"240,20110927,  163"
"240,20110928,  169"
"240,20110929,  188"
"240,20110930,  178"
"240,20111001,  174"
"240,20111002,  171"
"240,20111003,  181"
"240,20111004,  173"
"240,20111005,  173"
"240,20111006,  138"
"240,20111007,  111"
"240,20111008,  104"
"240,20111009,  122"
"240,20111010,  171"
"240,20111011,  157"
"240,20111012,  113"
"240,20111013,  101"
"240,20111014,   90"
"240,20111015,   78"
"240,20111016,   81"
"240,20111017,  121"
"240,20111018,  114"
"240,20111019,   91"
"240,20111020,   77"
"240,20111021,   74"
"240,20111022,   64"
"240,20111023,   84"
"240,20111024,   94"
"240,20111025,  100"
"240,20111026,  103"
"240,20111027,  109"
"240,20111028,  121"
"240,20111029,  124"
"240,20111030,  130"
"240,20111031,  132"
"240,20111101,  126"
"240,20111102,  112"
"240,20111103,  142"
"240,20111104,  147"
"240,20111105,  128"
"240,20111106,  116"
"240,20111107,  101"
"240,20111108,   89"
"240,20111109,   88"
"240,20111110,   71"
"240,20111111,   74"
"240,20111112,   66"
"240,20111113,   55"
"240,20111114,   29"
"240,20111115,   16"
"240,20111116,   21"
"240,20111117,   36"
"240,20111118,   67"
"240,20111119,   44"
"240,20111120,   38"
"240,20111121,   23"
"240,20111122,   46"
"240,20111123,   84"
"240,20111124,   83"
"240,20111125,   94"
"240,20111126,   95"
"240,20111127,  102"
"240,20111128,   53"
"240,20111129,   76"
"240,20111130,   77"
"240,20111201,   89"
"240,20111202,   64"
"240,20111203,   87"
"240,20111204,   84"
"240,20111205,   60"
"240,20111206,   55"
"240,20111207,   69"
"240,20111208,   74"
"240,20111209,   62"
"240,20111210,   48"
"240,20111211,   41"
"240,20111212,   66"
"240,20111213,   77"
"240,20111214,   50"
"240,20111215,   50"
"240,20111216,   41"
"240,20111217,   45"
"240,20111218,   26"
"240,20111219,   21"
"240,20111220,   61"
"240,20111221,   61"
"240,20111222,   94"
"240,20111223,   90"
"240,20111224,   64"
"240,20111225,   97"
"240,20111226,  113"
"240,20111227,   89"
"240,20111228,   69"
"240,20111229,   70"
"240,20111230,   51"
"240,20111231,   83"
"240,20120101,  113"
"240,20120102,   73"
"240,20120103,   73"
"240,20120104,   73"
"240,20120105,   72"
"240,20120106,   67"
"240,20120107,   79"
"240,20120108,   72"
"240,20120109,   80"
"240,20120110,   68"
"240,20120111,   87"
"240,20120112,   79"
"240,20120113,   55"
"240,20120114,   40"
"240,20120115,   20"
"240,20120116,   -2"
"240,20120117,   -7"
"240,20120118,   31"
"240,20120119,   67"
"240,20120120,   47"
"240,20120121,   78"
"240,20120122,   68"
"240,20120123,   53"
"240,20120124,   34"
"240,20120125,   45"
"240,20120126,   50"
"240,20120127,   33"
"240,20120128,   30"
"240,20120129,   -5"
"240,20120130,  -17"
"240,20120131,  -36"
"240,20120201,  -40"
"240,20120202,  -55"
"240,20120203,  -69"
"240,20120204, -115"
"240,20120205,  -67"
"240,20120206,  -71"
"240,20120207,  -77"
"240,20120208,  -32"
"240,20120209,  -43"
"240,20120210,  -57"
"240,20120211,  -71"
"240,20120212,  -32"
"240,20120213,   27"
"240,20120214,   48"
"240,20120215,   56"
"240,20120216,   56"
"240,20120217,   67"
"240,20120218,   68"
"240,20120219,   28"
"240,20120220,   27"
"240,20120221,   67"
"240,20120222,   71"
"240,20120223,   97"
"240,20120224,   77"
"240,20120225,   56"
"240,20120226,   64"
"240,20120227,   65"
"240,20120228,   86"
"240,20120229,   78"
"240,20120301,   85"
"240,20120302,   74"
"240,20120303,   90"
"240,20120304,   69"
"240,20120305,   59"
"240,20120306,   61"
"240,20120307,   44"
"240,20120308,   56"
"240,20120309,   74"
"240,20120310,   89"
"240,20120311,   77"
"240,20120312,   74"
"240,20120313,   78"
"240,20120314,   62"
"240,20120315,   79"
"240,20120316,   80"
"240,20120317,   89"
"240,20120318,   64"
"240,20120319,   50"
"240,20120320,   74"
"240,20120321,   94"
"240,20120322,  117"
"240,20120323,  118"
"240,20120324,  103"
"240,20120325,   92"
"240,20120326,  101"
"240,20120327,  103"
"240,20120328,   97"
"240,20120329,   84"
"240,20120330,   83"
"240,20120331,   68"
"240,20120401,   54"
"240,20120402,   80"
"240,20120403,   89"
"240,20120404,   70"
"240,20120405,   55"
"240,20120406,   54"
"240,20120407,   51"
"240,20120408,   65"
"240,20120409,   90"
"240,20120410,   96"
"240,20120411,   81"
"240,20120412,   75"
"240,20120413,   70"
"240,20120414,   74"
"240,20120415,   66"
"240,20120416,   53"
"240,20120417,   50"
"240,20120418,   81"
"240,20120419,   86"
"240,20120420,   80"
"240,20120421,   77"
"240,20120422,   94"
"240,20120423,   95"
"240,20120424,   90"
"240,20120425,   98"
"240,20120426,  114"
"240,20120427,  124"
"240,20120428,   97"
"240,20120429,  121"
"240,20120430,  156"
"240,20120501,  135"
"240,20120502,  139"
"240,20120503,  122"
"240,20120504,   93"
"240,20120505,   88"
"240,20120506,   89"
"240,20120507,  105"
"240,20120508,  128"
"240,20120509,  151"
"240,20120510,  177"
"240,20120511,  132"
"240,20120512,   89"
"240,20120513,   96"
"240,20120514,  109"
"240,20120515,   95"
"240,20120516,   81"
"240,20120517,  107"
"240,20120518,  134"
"240,20120519,  144"
"240,20120520,  155"
"240,20120521,  185"
"240,20120522,  204"
"240,20120523,  216"
"240,20120524,  216"
"240,20120525,  203"
"240,20120526,  201"
"240,20120527,  203"
"240,20120528,  158"
"240,20120529,  132"
"240,20120530,  150"
"240,20120531,  138"
"240,20120601,  122"
"240,20120602,  120"
"240,20120603,   92"
"240,20120604,   89"
"240,20120605,  117"
"240,20120606,  139"
"240,20120607,  160"
"240,20120608,  153"
"240,20120609,  129"
"240,20120610,  146"
"240,20120611,  154"
"240,20120612,  131"
"240,20120613,  117"
"240,20120614,  130"
"240,20120615,  148"
"240,20120616,  163"
"240,20120617,  163"
"240,20120618,  144"
"240,20120619,  153"
"240,20120620,  177"
"240,20120621,  177"
"240,20120622,  157"
"240,20120623,  159"
"240,20120624,  136"
"240,20120625,  139"
"240,20120626,  164"
"240,20120627,  181"
"240,20120628,  221"
"240,20120629,  188"
"240,20120630,  185"
"240,20120701,  156"
"240,20120702,  171"
"240,20120703,  189"
"240,20120704,  218"
"240,20120705,  220"
"240,20120706,  192"
"240,20120707,  185"
"240,20120708,  168"
"240,20120709,  165"
"240,20120710,  165"
"240,20120711,  154"
"240,20120712,  144"
"240,20120713,  156"
"240,20120714,  148"
"240,20120715,  146"
"240,20120716,  156"
"240,20120717,  170"
"240,20120718,  166"
"240,20120719,  150"
"240,20120720,  147"
"240,20120721,  137"
"240,20120722,  158"
"240,20120723,  199"
"240,20120724,  218"
"240,20120725,  220"
"240,20120726,  205"
"240,20120727,  204"
"240,20120728,  179"
"240,20120729,  163"
"240,20120730,  155"
"240,20120731,  153"
"240,20120801,  201"
"240,20120802,  179"
"240,20120803,  182"
"240,20120804,  178"
"240,20120805,  177"
"240,20120806,  173"
"240,20120807,  166"
"240,20120808,  169"
"240,20120809,  163"
"240,20120810,  165"
"240,20120811,  165"
"240,20120812,  193"
"240,20120813,  191"
"240,20120814,  208"
"240,20120815,  222"
"240,20120816,  188"
"240,20120817,  219"
"240,20120818,  244"
"240,20120819,  249"
"240,20120820,  203"
"240,20120821,  200"
"240,20120822,  182"
"240,20120823,  175"
"240,20120824,  182"
"240,20120825,  172"
"240,20120826,  160"
"240,20120827,  172"
"240,20120828,  179"
"240,20120829,  179"
"240,20120830,  158"
"240,20120831,  137"
"240,20120901,  152"
"240,20120902,  162"
"240,20120903,  172"
"240,20120904,  178"
"240,20120905,  156"
"240,20120906,  149"
"240,20120907,  171"
"240,20120908,  183"
"240,20120909,  199"
"240,20120910,  189"
"240,20120911,  156"
"240,20120912,  130"
"240,20120913,  137"
"240,20120914,  153"
"240,20120915,  141"
"240,20120916,  150"
"240,20120917,  168"
"240,20120918,  132"
"240,20120919,  100"
"240,20120920,  114"
"240,20120921,  130"
"240,20120922,  108"
"240,20120923,   96"
"240,20120924,  139"
"240,20120925,  134"
"240,20120926,  133"
"240,20120927,  122"
"240,20120928,  136"
"240,20120929,  129"
"240,20120930,  124"
"240,20121001,  142"
"240,20121002,  140"
"240,20121003,  129"
"240,20121004,  118"
"240,20121005,  126"
"240,20121006,  103"
"240,20121007,   93"
"240,20121008,   91"
"240,20121009,   93"
"240,20121010,   96"
"240,20121011,   95"
"240,20121012,  114"
"240,20121013,   90"
"240,20121014,   89"
"240,20121015,  102"
"240,20121016,  110"
"240,20121017,  117"
"240,20121018,  142"
"240,20121019,  163"
"240,20121020,  143"
"240,20121021,  126"
"240,20121022,  152"
"240,20121023,  140"
"240,20121024,  121"
"240,20121025,  108"
"240,20121026,   59"
"240,20121027,   43"
"240,20121028,   57"
"240,20121029,   81"
"240,20121030,   69"
"240,20121031,   80"
"240,20121101,   79"
"240,20121102,   68"
"240,20121103,   65"
"240,20121104,   58"
"240,20121105,   67"
"240,20121106,   77"
"240,20121107,  104"
"240,20121108,  106"
"240,20121109,   90"
"240,20121110,   98"
"240,20121111,   81"
"240,20121112,   65"
"240,20121113,   91"
"240,20121114,   85"
"240,20121115,   35"
"240,20121116,   38"
"240,20121117,   54"
"240,20121118,   59"
"240,20121119,   46"
"240,20121120,   93"
"240,20121121,   67"
"240,20121122,   74"
"240,20121123,   59"
"240,20121124,   44"
"240,20121125,  100"
"240,20121126,   77"
"240,20121127,   63"
"240,20121128,   59"
"240,20121129,   35"
"240,20121130,   23"
"240,20121201,   39"
"240,20121202,   33"
"240,20121203,   35"
"240,20121204,   51"
"240,20121205,   13"
"240,20121206,    8"
"240,20121207,    5"
"240,20121208,  -10"
"240,20121209,   62"
"240,20121210,   33"
"240,20121211,    5"
"240,20121212,   23"
"240,20121213,  -10"
"240,20121214,   49"
"240,20121215,   79"
"240,20121216,   68"
"240,20121217,   61"
"240,20121218,   53"
"240,20121219,   53"
"240,20121220,   33"
"240,20121221,   51"
"240,20121222,   71"
"240,20121223,  109"
"240,20121224,   96"
"240,20121225,   84"
"240,20121226,   77"
"240,20121227,   72"
"240,20121228,   67"
"240,20121229,  106"
"240,20121230,   81"
"240,20121231,   94"
"240,20130101,   71"
"240,20130102,   68"
"240,20130103,  101"
"240,20130104,   91"
"240,20130105,   81"
"240,20130106,   80"
"240,20130107,   71"
"240,20130108,   77"
"240,20130109,   67"
"240,20130110,   54"
"240,20130111,    6"
"240,20130112,    4"
"240,20130113,  -14"
"240,20130114,  -31"
"240,20130115,  -25"
"240,20130116,  -53"
"240,20130117,  -46"
"240,20130118,  -15"
"240,20130119,  -39"
"240,20130120,  -47"
"240,20130121,  -21"
"240,20130122,  -42"
"240,20130123,  -45"
"240,20130124,  -37"
"240,20130125,  -46"
"240,20130126,  -14"
"240,20130127,   32"
"240,20130128,   49"
"240,20130129,  105"
"240,20130130,   98"
"240,20130131,   76"
"240,20130201,   49"
"240,20130202,   41"
"240,20130203,   49"
"240,20130204,   78"
"240,20130205,   34"
"240,20130206,   24"
"240,20130207,   22"
"240,20130208,    9"
"240,20130209,   -2"
"240,20130210,   -5"
"240,20130211,  -16"
"240,20130212,   -5"
"240,20130213,   -8"
"240,20130214,   -6"
"240,20130215,   43"
"240,20130216,   55"
"240,20130217,   33"
"240,20130218,   24"
"240,20130219,   33"
"240,20130220,    3"
"240,20130221,   -5"
"240,20130222,  -11"
"240,20130223,   -8"
"240,20130224,    5"
"240,20130225,   20"
"240,20130226,   26"
"240,20130227,   10"
"240,20130228,   17"
"240,20130301,   36"
"240,20130302,   31"
"240,20130303,   43"
"240,20130304,   47"
"240,20130305,   87"
"240,20130306,  108"
"240,20130307,   83"
"240,20130308,   81"
"240,20130309,   37"
"240,20130310,    2"
"240,20130311,  -17"
"240,20130312,  -20"
"240,20130313,    2"
"240,20130314,   -2"
"240,20130315,    9"
"240,20130316,   49"
"240,20130317,   55"
"240,20130318,   53"
"240,20130319,   31"
"240,20130320,    9"
"240,20130321,    6"
"240,20130322,    5"
"240,20130323,    0"
"240,20130324,   -5"
"240,20130325,    3"
"240,20130326,    6"
"240,20130327,   12"
"240,20130328,    1"
"240,20130329,    1"
"240,20130330,    8"
"240,20130331,   18"
"240,20130401,   28"
"240,20130402,   39"
"240,20130403,   38"
"240,20130404,   31"
"240,20130405,   42"
"240,20130406,   48"
"240,20130407,   37"
"240,20130408,   60"
"240,20130409,   68"
"240,20130410,   53"
"240,20130411,   60"
"240,20130412,   74"
"240,20130413,   94"
"240,20130414,  155"
"240,20130415,  120"
"240,20130416,  113"
"240,20130417,  143"
"240,20130418,  118"
"240,20130419,   77"
"240,20130420,   66"
"240,20130421,   72"
"240,20130422,   88"
"240,20130423,  109"
"240,20130424,  121"
"240,20130425,  144"
"240,20130426,   73"
"240,20130427,   64"
"240,20130428,   70"
"240,20130429,   83"
"240,20130430,   84"
"240,20130501,   99"
"240,20130502,  112"
"240,20130503,  123"
"240,20130504,  117"
"240,20130505,  123"
"240,20130506,  152"
"240,20130507,  166"
"240,20130508,  157"
"240,20130509,  123"
"240,20130510,  126"
"240,20130511,  106"
"240,20130512,   94"
"240,20130513,  112"
"240,20130514,   97"
"240,20130515,  112"
"240,20130516,   93"
"240,20130517,   90"
"240,20130518,  100"
"240,20130519,  109"
"240,20130520,  108"
"240,20130521,   97"
"240,20130522,   90"
"240,20130523,   74"
"240,20130524,   75"
"240,20130525,   85"
"240,20130526,   94"
"240,20130527,  124"
"240,20130528,  160"
"240,20130529,  116"
"240,20130530,  134"
"240,20130531,  139"
"240,20130601,  103"
"240,20130602,  114"
"240,20130603,  107"
"240,20130604,  145"
"240,20130605,  157"
"240,20130606,  164"
"240,20130607,  161"
"240,20130608,  136"
"240,20130609,  124"
"240,20130610,  124"
"240,20130611,  157"
"240,20130612,  176"
"240,20130613,  158"
"240,20130614,  151"
"240,20130615,  145"
"240,20130616,  143"
"240,20130617,  169"
"240,20130618,  217"
"240,20130619,  209"
"240,20130620,  190"
"240,20130621,  157"
"240,20130622,  156"
"240,20130623,  151"
"240,20130624,  132"
"240,20130625,  133"
"240,20130626,  133"
"240,20130627,  126"
"240,20130628,  141"
"240,20130629,  138"
"240,20130630,  169"
"240,20130701,  156"
"240,20130702,  169"
"240,20130703,  162"
"240,20130704,  177"
"240,20130705,  181"
"240,20130706,  194"
"240,20130707,  196"
"240,20130708,  192"
"240,20130709,  183"
"240,20130710,  161"
"240,20130711,  150"
"240,20130712,  153"
"240,20130713,  167"
"240,20130714,  167"
"240,20130715,  189"
"240,20130716,  193"
"240,20130717,  205"
"240,20130718,  209"
"240,20130719,  207"
"240,20130720,  191"
"240,20130721,  233"
"240,20130722,  253"
"240,20130723,  241"
"240,20130724,  203"
"240,20130725,  209"
"240,20130726,  212"
"240,20130727,  214"
"240,20130728,  203"
"240,20130729,  202"
"240,20130730,  176"
"240,20130731,  195"
"240,20130801,  246"
"240,20130802,  245"
"240,20130803,  197"
"240,20130804,  196"
"240,20130805,  217"
"240,20130806,  184"
"240,20130807,  162"
"240,20130808,  172"
"240,20130809,  181"
"240,20130810,  164"
"240,20130811,  176"
"240,20130812,  169"
"240,20130813,  155"
"240,20130814,  166"
"240,20130815,  168"
"240,20130816,  192"
"240,20130817,  200"
"240,20130818,  187"
"240,20130819,  165"
"240,20130820,  166"
"240,20130821,  177"
"240,20130822,  179"
"240,20130823,  204"
"240,20130824,  191"
"240,20130825,  186"
"240,20130826,  188"
"240,20130827,  187"
"240,20130828,  183"
"240,20130829,  176"
"240,20130830,  181"
"240,20130831,  167"
"240,20130901,  154"
"240,20130902,  174"
"240,20130903,  194"
"240,20130904,  199"
"240,20130905,  230"
"240,20130906,  193"
"240,20130907,  173"
"240,20130908,  145"
"240,20130909,  130"
"240,20130910,  135"
"240,20130911,  152"
"240,20130912,  152"
"240,20130913,  147"
"240,20130914,  151"
"240,20130915,  132"
"240,20130916,  121"
"240,20130917,  114"
"240,20130918,  114"
"240,20130919,  127"
"240,20130920,  136"
"240,20130921,  145"
"240,20130922,  163"
"240,20130923,  161"
"240,20130924,  149"
"240,20130925,  149"
"240,20130926,  132"
"240,20130927,  110"
"240,20130928,  124"
"240,20130929,  124"
"240,20130930,  114"
"240,20131001,  106"
"240,20131002,  107"
"240,20131003,  127"
"240,20131004,  159"
"240,20131005,  146"
"240,20131006,  125"
"240,20131007,  123"
"240,20131008,  149"
"240,20131009,  130"
"240,20131010,   93"
"240,20131011,   90"
"240,20131012,   91"
"240,20131013,   85"
"240,20131014,  102"
"240,20131015,   91"
"240,20131016,  103"
"240,20131017,  128"
"240,20131018,  113"
"240,20131019,  127"
"240,20131020,  143"
"240,20131021,  145"
"240,20131022,  169"
"240,20131023,  155"
"240,20131024,  113"
"240,20131025,  144"
"240,20131026,  151"
"240,20131027,  143"
"240,20131028,  133"
"240,20131029,  106"
"240,20131030,  102"
"240,20131031,  104"
"240,20131101,  111"
"240,20131102,  106"
"240,20131103,   95"
"240,20131104,   84"
"240,20131105,   74"
"240,20131106,  109"
"240,20131107,  109"
"240,20131108,   79"
"240,20131109,   83"
"240,20131110,   61"
"240,20131111,   66"
"240,20131112,   74"
"240,20131113,   62"
"240,20131114,   75"
"240,20131115,   61"
"240,20131116,   54"
"240,20131117,   74"
"240,20131118,   60"
"240,20131119,   58"
"240,20131120,   28"
"240,20131121,   30"
"240,20131122,   46"
"240,20131123,   53"
"240,20131124,   66"
"240,20131125,   54"
"240,20131126,   56"
"240,20131127,   78"
"240,20131128,   88"
"240,20131129,   76"
"240,20131130,   63"
"240,20131201,   69"
"240,20131202,   42"
"240,20131203,   28"
"240,20131204,   58"
"240,20131205,   61"
"240,20131206,   39"
"240,20131207,   64"
"240,20131208,   90"
"240,20131209,   90"
"240,20131210,   34"
"240,20131211,   14"
"240,20131212,   18"
"240,20131213,   22"
"240,20131214,   63"
"240,20131215,   81"
"240,20131216,   98"
"240,20131217,   62"
"240,20131218,   74"
"240,20131219,   68"
"240,20131220,   60"
"240,20131221,   71"
"240,20131222,   80"
"240,20131223,   77"
"240,20131224,   99"
"240,20131225,   57"
"240,20131226,   51"
"240,20131227,   73"
"240,20131228,   63"
"240,20131229,   47"
"240,20131230,   52"
"240,20131231,   66"
"240,20140101,   68"
"240,20140102,   83"
"240,20140103,   85"
"240,20140104,   76"
"240,20140105,   57"
"240,20140106,  107"
"240,20140107,  101"
"240,20140108,   83"
"240,20140109,   91"
"240,20140110,   69"
"240,20140111,   56"
"240,20140112,   27"
"240,20140113,   61"
"240,20140114,   49"
"240,20140115,   46"
"240,20140116,   73"
"240,20140117,   72"
"240,20140118,   67"
"240,20140119,   58"
"240,20140120,   41"
"240,20140121,   35"
"240,20140122,   31"
"240,20140123,   36"
"240,20140124,   48"
"240,20140125,   41"
"240,20140126,   54"
"240,20140127,   40"
"240,20140128,   44"
"240,20140129,    3"
"240,20140130,    2"
"240,20140131,   27"
"240,20140201,   61"
"240,20140202,   46"
"240,20140203,   40"
"240,20140204,   59"
"240,20140205,   70"
"240,20140206,   72"
"240,20140207,   74"
"240,20140208,   69"
"240,20140209,   56"
"240,20140210,   50"
"240,20140211,   52"
"240,20140212,   55"
"240,20140213,   51"
"240,20140214,   51"
"240,20140215,   95"
"240,20140216,   57"
"240,20140217,   60"
"240,20140218,   63"
"240,20140219,   77"
"240,20140220,   81"
"240,20140221,   67"
"240,20140222,   61"
"240,20140223,   75"
"240,20140224,   78"
"240,20140225,   81"
"240,20140226,   61"
"240,20140227,   48"
"240,20140228,   53"
"240,20140301,   59"
"240,20140302,   61"
"240,20140303,   52"
"240,20140304,   60"
"240,20140305,   59"
"240,20140306,   71"
"240,20140307,   73"
"240,20140308,   91"
"240,20140309,  109"
"240,20140310,   95"
"240,20140311,   83"
"240,20140312,   88"
"240,20140313,   86"
"240,20140314,   63"
"240,20140315,   96"
"240,20140316,  102"
"240,20140317,  101"
"240,20140318,   94"
"240,20140319,  101"
"240,20140320,  125"
"240,20140321,   77"
"240,20140322,   65"
"240,20140323,   56"
"240,20140324,   52"
"240,20140325,   59"
"240,20140326,   47"
"240,20140327,   85"
"240,20140328,  107"
"240,20140329,  117"
"240,20140330,  135"
"240,20140331,  146"
"240,20140401,  128"
"240,20140402,  129"
"240,20140403,  144"
"240,20140404,  121"
"240,20140405,  121"
"240,20140406,  132"
"240,20140407,  148"
"240,20140408,   90"
"240,20140409,  103"
"240,20140410,  116"
"240,20140411,  103"
"240,20140412,   97"
"240,20140413,  103"
"240,20140414,   87"
"240,20140415,   68"
"240,20140416,   88"
"240,20140417,  107"
"240,20140418,   80"
"240,20140419,  106"
"240,20140420,  155"
"240,20140421,  122"
"240,20140422,  131"
"240,20140423,  140"
"240,20140424,  144"
"240,20140425,  166"
"240,20140426,  136"
"240,20140427,  117"
"240,20140428,  131"
"240,20140429,  129"
"240,20140430,  115"
"240,20140501,  127"
"240,20140502,   99"
"240,20140503,   84"
"240,20140504,   88"
"240,20140505,  129"
"240,20140506,  144"
"240,20140507,  135"
"240,20140508,  126"
"240,20140509,  126"
"240,20140510,  117"
"240,20140511,  108"
"240,20140512,  110"
"240,20140513,  105"
"240,20140514,  101"
"240,20140515,  105"
"240,20140516,  127"
"240,20140517,  148"
"240,20140518,  169"
"240,20140519,  187"
"240,20140520,  198"
"240,20140521,  179"
"240,20140522,  178"
"240,20140523,  164"
"240,20140524,  159"
"240,20140525,  156"
"240,20140526,  164"
"240,20140527,  159"
"240,20140528,  133"
"240,20140529,  105"
"240,20140530,  127"
"240,20140531,  135"
"240,20140601,  137"
"240,20140602,  141"
"240,20140603,  153"
"240,20140604,  150"
"240,20140605,  127"
"240,20140606,  164"
"240,20140607,  199"
"240,20140608,  193"
"240,20140609,  219"
"240,20140610,  191"
"240,20140611,  166"
"240,20140612,  172"
"240,20140613,  172"
"240,20140614,  157"
"240,20140615,  152"
"240,20140616,  150"
"240,20140617,  150"
"240,20140618,  156"
"240,20140619,  141"
"240,20140620,  137"
"240,20140621,  155"
"240,20140622,  149"
"240,20140623,  159"
"240,20140624,  161"
"240,20140625,  146"
"240,20140626,  166"
"240,20140627,  169"
"240,20140628,  165"
"240,20140629,  156"
"240,20140630,  139"
"240,20140701,  148"
"240,20140702,  152"
"240,20140703,  189"
"240,20140704,  220"
"240,20140705,  193"
"240,20140706,  183"
"240,20140707,  174"
"240,20140708,  150"
"240,20140709,  156"
"240,20140710,  213"
"240,20140711,  197"
"240,20140712,  187"
"240,20140713,  188"
"240,20140714,  178"
"240,20140715,  173"
"240,20140716,  197"
"240,20140717,  220"
"240,20140718,  250"
"240,20140719,  264"
"240,20140720,  213"
"240,20140721,  194"
"240,20140722,  225"
"240,20140723,  235"
"240,20140724,  221"
"240,20140725,  190"
"240,20140726,  204"
"240,20140727,  198"
"240,20140728,  195"
"240,20140729,  207"
"240,20140730,  177"
"240,20140731,  195"
"240,20140801,  199"
"240,20140802,  212"
"240,20140803,  197"
"240,20140804,  183"
"240,20140805,  187"
"240,20140806,  181"
"240,20140807,  195"
"240,20140808,  191"
"240,20140809,  189"
"240,20140810,  186"
"240,20140811,  178"
"240,20140812,  164"
"240,20140813,  170"
"240,20140814,  164"
"240,20140815,  158"
"240,20140816,  163"
"240,20140817,  160"
"240,20140818,  142"
"240,20140819,  130"
"240,20140820,  125"
"240,20140821,  137"
"240,20140822,  133"
"240,20140823,  123"
"240,20140824,  129"
"240,20140825,  131"
"240,20140826,  141"
"240,20140827,  148"
"240,20140828,  167"
"240,20140829,  172"
"240,20140830,  166"
"240,20140831,  149"
"240,20140901,  156"
"240,20140902,  174"
"240,20140903,  172"
"240,20140904,  180"
"240,20140905,  185"
"240,20140906,  176"
"240,20140907,  171"
"240,20140908,  147"
"240,20140909,  152"
"240,20140910,  144"
"240,20140911,  162"
"240,20140912,  166"
"240,20140913,  172"
"240,20140914,  165"
"240,20140915,  172"
"240,20140916,  186"
"240,20140917,  190"
"240,20140918,  194"
"240,20140919,  186"
"240,20140920,  179"
"240,20140921,  159"
"240,20140922,  141"
"240,20140923,  136"
"240,20140924,  136"
"240,20140925,  149"
"240,20140926,  163"
"240,20140927,  156"
"240,20140928,  163"
"240,20140929,  163"
"240,20140930,  157"
"240,20141001,  162"
"240,20141002,  161"
"240,20141003,  156"
"240,20141004,  155"
"240,20141005,  131"
"240,20141006,  136"
"240,20141007,  125"
"240,20141008,  128"
"240,20141009,  146"
"240,20141010,  136"
"240,20141011,  118"
"240,20141012,  128"
"240,20141013,  144"
"240,20141014,  123"
"240,20141015,  137"
"240,20141016,  143"
"240,20141017,  146"
"240,20141018,  174"
"240,20141019,  169"
"240,20141020,  150"
"240,20141021,  118"
"240,20141022,  104"
"240,20141023,  125"
"240,20141024,  119"
"240,20141025,  121"
"240,20141026,  126"
"240,20141027,  128"
"240,20141028,   91"
"240,20141029,  114"
"240,20141030,  128"
"240,20141031,  131"
"240,20141101,  144"
"240,20141102,  142"
"240,20141103,  121"
"240,20141104,   87"
"240,20141105,   65"
"240,20141106,   54"
"240,20141107,   78"
"240,20141108,   98"
"240,20141109,   99"
"240,20141110,   95"
"240,20141111,   92"
"240,20141112,   94"
"240,20141113,   84"
"240,20141114,   98"
"240,20141115,   95"
"240,20141116,   86"
"240,20141117,   96"
"240,20141118,   81"
"240,20141119,   81"
"240,20141120,   71"
"240,20141121,   57"
"240,20141122,   83"
"240,20141123,  106"
"240,20141124,   73"
"240,20141125,   51"
"240,20141126,   51"
"240,20141127,   74"
"240,20141128,   65"
"240,20141129,   30"
"240,20141130,   24"
"240,20141201,   15"
"240,20141202,   12"
"240,20141203,   -1"
"240,20141204,   -1"
"240,20141205,   37"
"240,20141206,   44"
"240,20141207,   45"
"240,20141208,   47"
"240,20141209,   33"
"240,20141210,   74"
"240,20141211,   73"
"240,20141212,   73"
"240,20141213,   47"
"240,20141214,   27"
"240,20141215,   58"
"240,20141216,   53"
"240,20141217,   84"
"240,20141218,  116"
"240,20141219,   93"
"240,20141220,   78"
"240,20141221,   83"
"240,20141222,  116"
"240,20141223,  111"
"240,20141224,   83"
"240,20141225,   54"
"240,20141226,   27"
"240,20141227,   15"
"240,20141228,    7"
"240,20141229,   47"
"240,20141230,   55"
"240,20141231,   57"
"240,20150101,   35"
"240,20150102,   76"
"240,20150103,   46"
"240,20150104,   35"
"240,20150105,   29"
"240,20150106,   32"
"240,20150107,   42"
"240,20150108,   68"
"240,20150109,   98"
"240,20150110,   92"
"240,20150111,   66"
"240,20150112,   90"
"240,20150113,   83"
"240,20150114,   44"
"240,20150115,   77"
"240,20150116,   51"
"240,20150117,   27"
"240,20150118,   25"
"240,20150119,    2"
"240,20150120,    6"
"240,20150121,   -3"
"240,20150122,   -8"
"240,20150123,  -29"
"240,20150124,   24"
"240,20150125,   45"
"240,20150126,   66"
"240,20150127,   55"
"240,20150128,   52"
"240,20150129,   30"
"240,20150130,   13"
"240,20150131,   15"
"240,20150201,   29"
"240,20150202,   25"
"240,20150203,   13"
"240,20150204,   -1"
"240,20150205,   -1"
"240,20150206,    0"
"240,20150207,   24"
"240,20150208,   51"
"240,20150209,   59"
"240,20150210,   58"
"240,20150211,   43"
"240,20150212,   36"
"240,20150213,   55"
"240,20150214,   69"
"240,20150215,   25"
"240,20150216,   13"
"240,20150217,   39"
"240,20150218,   25"
"240,20150219,   37"
"240,20150220,   52"
"240,20150221,   31"
"240,20150222,   30"
"240,20150223,   60"
"240,20150224,   55"
"240,20150225,   42"
"240,20150226,   62"
"240,20150227,   43"
"240,20150228,   52"
"240,20150301,   79"
"240,20150302,   52"
"240,20150303,   47"
"240,20150304,   54"
"240,20150305,   54"
"240,20150306,   64"
"240,20150307,   77"
"240,20150308,   82"
"240,20150309,   80"
"240,20150310,   71"
"240,20150311,   38"
"240,20150312,   63"
"240,20150313,   48"
"240,20150314,   42"
"240,20150315,   57"
"240,20150316,   68"
"240,20150317,   83"
"240,20150318,   55"
"240,20150319,   77"
"240,20150320,   49"
"240,20150321,   65"
"240,20150322,   45"
"240,20150323,   34"
"240,20150324,   54"
"240,20150325,   59"
"240,20150326,   47"
"240,20150327,   59"
"240,20150328,   71"
"240,20150329,   89"
"240,20150330,   70"
"240,20150331,   85"
"240,20150401,   67"
"240,20150402,   62"
"240,20150403,   71"
"240,20150404,   52"
"240,20150405,   50"
"240,20150406,   75"
"240,20150407,   65"
"240,20150408,   83"
"240,20150409,  105"
"240,20150410,  113"
"240,20150411,   89"
"240,20150412,   97"
"240,20150413,   79"
"240,20150414,  107"
"240,20150415,  127"
"240,20150416,   96"
"240,20150417,   85"
"240,20150418,   88"
"240,20150419,   82"
"240,20150420,  111"
"240,20150421,   99"
"240,20150422,   84"
"240,20150423,   96"
"240,20150424,  118"
"240,20150425,  120"
"240,20150426,   98"
"240,20150427,   74"
"240,20150428,   67"
"240,20150429,   84"
"240,20150430,   90"
"240,20150501,   85"
"240,20150502,   96"
"240,20150503,  124"
"240,20150504,  149"
"240,20150505,  153"
"240,20150506,  121"
"240,20150507,  119"
"240,20150508,  139"
"240,20150509,  128"
"240,20150510,  126"
"240,20150511,  168"
"240,20150512,  141"
"240,20150513,  118"
"240,20150514,  113"
"240,20150515,   93"
"240,20150516,  110"
"240,20150517,  117"
"240,20150518,  107"
"240,20150519,  106"
"240,20150520,  100"
"240,20150521,  122"
"240,20150522,  144"
"240,20150523,  121"
"240,20150524,  122"
"240,20150525,  120"
"240,20150526,  118"
"240,20150527,  133"
"240,20150528,  129"
"240,20150529,  113"
"240,20150530,  115"
"240,20150531,  123"
"240,20150601,  126"
"240,20150602,  144"
"240,20150603,  140"
"240,20150604,  155"
"240,20150605,  205"
"240,20150606,  149"
"240,20150607,  133"
"240,20150608,  126"
"240,20150609,  117"
"240,20150610,  151"
"240,20150611,  176"
"240,20150612,  207"
"240,20150613,  165"
"240,20150614,  144"
"240,20150615,  130"
"240,20150616,  124"
"240,20150617,  160"
"240,20150618,  136"
"240,20150619,  133"
"240,20150620,  131"
"240,20150621,  146"
"240,20150622,  130"
"240,20150623,  127"
"240,20150624,  160"
"240,20150625,  180"
"240,20150626,  202"
"240,20150627,  170"
"240,20150628,  177"
"240,20150629,  182"
"240,20150630,  206"
"240,20150701,  261"
"240,20150702,  244"
"240,20150703,  238"
"240,20150704,  239"
"240,20150705,  197"
"240,20150706,  183"
"240,20150707,  197"
"240,20150708,  159"
"240,20150709,  136"
"240,20150710,  172"
"240,20150711,  201"
"240,20150712,  180"
"240,20150713,  179"
"240,20150714,  178"
"240,20150715,  174"
"240,20150716,  191"
"240,20150717,  212"
"240,20150718,  178"
"240,20150719,  161"
"240,20150720,  179"
"240,20150721,  199"
"240,20150722,  190"
"240,20150723,  174"
"240,20150724,  189"
"240,20150725,  150"
"240,20150726,  148"
"240,20150727,  169"
"240,20150728,  158"
"240,20150729,  145"
"240,20150730,  139"
"240,20150731,  139"
"240,20150801,  158"
"240,20150802,  182"
"240,20150803,  208"
"240,20150804,  179"
"240,20150805,  191"
"240,20150806,  199"
"240,20150807,  194"
"240,20150808,  184"
"240,20150809,  191"
"240,20150810,  195"
"240,20150811,  199"
"240,20150812,  192"
"240,20150813,  216"
"240,20150814,  212"
"240,20150815,  179"
"240,20150816,  157"
"240,20150817,  145"
"240,20150818,  151"
"240,20150819,  171"
"240,20150820,  188"
"240,20150821,  204"
"240,20150822,  214"
"240,20150823,  201"
"240,20150824,  177"
"240,20150825,  168"
"240,20150826,  196"
"240,20150827,  158"
"240,20150828,  159"
"240,20150829,  174"
"240,20150830,  197"
"240,20150831,  203"
"240,20150901,  157"
"240,20150902,  140"
"240,20150903,  129"
"240,20150904,  139"
"240,20150905,  137"
"240,20150906,  132"
"240,20150907,  143"
"240,20150908,  143"
"240,20150909,  141"
"240,20150910,  148"
"240,20150911,  146"
"240,20150912,  158"
"240,20150913,  163"
"240,20150914,  141"
"240,20150915,  121"
"240,20150916,  150"
"240,20150917,  140"
"240,20150918,  136"
"240,20150919,  137"
"240,20150920,  140"
"240,20150921,  146"
"240,20150922,  128"
"240,20150923,  133"
"240,20150924,  130"
"240,20150925,  125"
"240,20150926,  118"
"240,20150927,  123"
"240,20150928,  123"
"240,20150929,  126"
"240,20150930,  131"
"240,20151001,  120"
"240,20151002,  118"
"240,20151003,  118"
"240,20151004,  112"
"240,20151005,  131"
"240,20151006,  155"
"240,20151007,  148"
"240,20151008,  133"
"240,20151009,  121"
"240,20151010,  116"
"240,20151011,   73"
"240,20151012,   54"
"240,20151013,   64"
"240,20151014,   65"
"240,20151015,   72"
"240,20151016,   84"
"240,20151017,   90"
"240,20151018,   91"
"240,20151019,  110"
"240,20151020,   97"
"240,20151021,  102"
"240,20151022,  121"
"240,20151023,  115"
"240,20151024,  117"
"240,20151025,   97"
"240,20151026,  110"
"240,20151027,  115"
"240,20151028,  108"
"240,20151029,  108"
"240,20151030,  104"
"240,20151031,   97"
"240,20151101,   74"
"240,20151102,   86"
"240,20151103,   97"
"240,20151104,  121"
"240,20151105,  131"
"240,20151106,  152"
"240,20151107,  159"
"240,20151108,  128"
"240,20151109,  136"
"240,20151110,  146"
"240,20151111,  130"
"240,20151112,  133"
"240,20151113,  113"
"240,20151114,  101"
"240,20151115,  143"
"240,20151116,  126"
"240,20151117,  133"
"240,20151118,  128"
"240,20151119,  113"
"240,20151120,   80"
"240,20151121,   50"
"240,20151122,   27"
"240,20151123,   35"
"240,20151124,   49"
"240,20151125,   64"
"240,20151126,   50"
"240,20151127,   57"
"240,20151128,   70"
"240,20151129,  105"
"240,20151130,   93"
"240,20151201,   98"
"240,20151202,  106"
"240,20151203,   95"
"240,20151204,   95"
"240,20151205,   81"
"240,20151206,  107"
"240,20151207,  107"
"240,20151208,   96"
"240,20151209,   77"
"240,20151210,   65"
"240,20151211,   77"
"240,20151212,   82"
"240,20151213,   70"
"240,20151214,   72"
"240,20151215,   72"
"240,20151216,  116"
"240,20151217,  128"
"240,20151218,  114"
"240,20151219,  121"
"240,20151220,  114"
"240,20151221,   99"
"240,20151222,  123"
"240,20151223,  100"
"240,20151224,   94"
"240,20151225,   92"
"240,20151226,  129"
"240,20151227,  118"
"240,20151228,   91"
"240,20151229,   76"
"240,20151230,   74"
"240,20151231,   76"
"240,20160101,   52"
"240,20160102,   56"
"240,20160103,   70"
"240,20160104,   59"
"240,20160105,   66"
"240,20160106,   26"
"240,20160107,   60"
"240,20160108,   56"
"240,20160109,   55"
"240,20160110,   65"
"240,20160111,   50"
"240,20160112,   65"
"240,20160113,   47"
"240,20160114,   35"
"240,20160115,   22"
"240,20160116,   30"
"240,20160117,   -8"
"240,20160118,  -29"
"240,20160119,  -16"
"240,20160120,   20"
"240,20160121,  -10"
"240,20160122,   13"
"240,20160123,   72"
"240,20160124,   80"
"240,20160125,  104"
"240,20160126,   88"
"240,20160127,  107"
"240,20160128,   64"
"240,20160129,   92"
"240,20160130,   74"
"240,20160131,   71"
"240,20160201,  113"
"240,20160202,   87"
"240,20160203,   51"
"240,20160204,   57"
"240,20160205,   88"
"240,20160206,   94"
"240,20160207,   83"
"240,20160208,   85"
"240,20160209,   56"
"240,20160210,   52"
"240,20160211,   40"
"240,20160212,   24"
"240,20160213,   17"
"240,20160214,   24"
"240,20160215,   27"
"240,20160216,    2"
"240,20160217,  -10"
"240,20160218,   10"
"240,20160219,   37"
"240,20160220,   83"
"240,20160221,  104"
"240,20160222,   66"
"240,20160223,   40"
"240,20160224,   21"
"240,20160225,   17"
"240,20160226,   18"
"240,20160227,   27"
"240,20160228,   28"
"240,20160229,   23"
"240,20160301,   30"
"240,20160302,   52"
"240,20160303,   36"
"240,20160304,   17"
"240,20160305,   21"
"240,20160306,   26"
"240,20160307,   29"
"240,20160308,   38"
"240,20160309,   51"
"240,20160310,   43"
"240,20160311,   29"
"240,20160312,   37"
"240,20160313,   39"
"240,20160314,   41"
"240,20160315,   52"
"240,20160316,   49"
"240,20160317,   60"
"240,20160318,   56"
"240,20160319,   64"
"240,20160320,   67"
"240,20160321,   71"
"240,20160322,   76"
"240,20160323,   77"
"240,20160324,   79"
"240,20160325,   66"
"240,20160326,   94"
"240,20160327,   85"
"240,20160328,   92"
"240,20160329,   82"
"240,20160330,   80"
"240,20160331,   78"
"240,20160401,   82"
"240,20160402,  106"
"240,20160403,  145"
"240,20160404,  125"
"240,20160405,   99"
"240,20160406,   83"
"240,20160407,   77"
"240,20160408,   77"
"240,20160409,   98"
"240,20160410,  103"
"240,20160411,  136"
"240,20160412,  114"
"240,20160413,  103"
"240,20160414,  111"
"240,20160415,  102"
"240,20160416,   80"
"240,20160417,   64"
"240,20160418,   90"
"240,20160419,   93"
"240,20160420,   81"
"240,20160421,   96"
"240,20160422,   86"
"240,20160423,   63"
"240,20160424,   44"
"240,20160425,   49"
"240,20160426,   52"
"240,20160427,   58"
"240,20160428,   53"
"240,20160429,   77"
"240,20160430,   73"
"240,20160501,   80"
"240,20160502,  112"
"240,20160503,   95"
"240,20160504,  106"
"240,20160505,  135"
"240,20160506,  171"
"240,20160507,  201"
"240,20160508,  208"
"240,20160509,  205"
"240,20160510,  190"
"240,20160511,  202"
"240,20160512,  201"
"240,20160513,  149"
"240,20160514,   86"
"240,20160515,   84"
"240,20160516,   93"
"240,20160517,  124"
"240,20160518,  129"
"240,20160519,  133"
"240,20160520,  137"
"240,20160521,  174"
"240,20160522,  147"
"240,20160523,  119"
"240,20160524,  113"
"240,20160525,  116"
"240,20160526,  136"
"240,20160527,  157"
"240,20160528,  177"
"240,20160529,  171"
"240,20160530,  161"
"240,20160531,  190"
"240,20160601,  188"
"240,20160602,  138"
"240,20160603,  152"
"240,20160604,  205"
"240,20160605,  190"
"240,20160606,  181"
"240,20160607,  194"
"240,20160608,  157"
"240,20160609,  145"
"240,20160610,  160"
"240,20160611,  159"
"240,20160612,  171"
"240,20160613,  156"
"240,20160614,  152"
"240,20160615,  142"
"240,20160616,  159"
"240,20160617,  154"
"240,20160618,  139"
"240,20160619,  155"
"240,20160620,  155"
"240,20160621,  165"
"240,20160622,  198"
"240,20160623,  210"
"240,20160624,  185"
"240,20160625,  154"
"240,20160626,  158"
"240,20160627,  155"
"240,20160628,  161"
"240,20160629,  160"
"240,20160630,  161"
"240,20160701,  163"
"240,20160702,  155"
"240,20160703,  154"
"240,20160704,  174"
"240,20160705,  154"
"240,20160706,  149"
"240,20160707,  170"
"240,20160708,  172"
"240,20160709,  192"
"240,20160710,  202"
"240,20160711,  185"
"240,20160712,  173"
"240,20160713,  152"
"240,20160714,  149"
"240,20160715,  168"
"240,20160716,  194"
"240,20160717,  193"
"240,20160718,  200"
"240,20160719,  227"
"240,20160720,  247"
"240,20160721,  206"
"240,20160722,  212"
"240,20160723,  212"
"240,20160724,  204"
"240,20160725,  185"
"240,20160726,  192"
"240,20160727,  180"
"240,20160728,  186"
"240,20160729,  186"
"240,20160730,  184"
"240,20160731,  166"
"240,20160801,  170"
"240,20160802,  168"
"240,20160803,  192"
"240,20160804,  182"
"240,20160805,  173"
"240,20160806,  170"
"240,20160807,  187"
"240,20160808,  173"
"240,20160809,  143"
"240,20160810,  130"
"240,20160811,  147"
"240,20160812,  186"
"240,20160813,  178"
"240,20160814,  169"
"240,20160815,  166"
"240,20160816,  169"
"240,20160817,  178"
"240,20160818,  179"
"240,20160819,  184"
"240,20160820,  181"
"240,20160821,  170"
"240,20160822,  183"
"240,20160823,  213"
"240,20160824,  239"
"240,20160825,  247"
"240,20160826,  209"
"240,20160827,  211"
"240,20160828,  202"
"240,20160829,  172"
"240,20160830,  172"
"240,20160831,  184"
"240,20160901,  180"
"240,20160902,  174"
"240,20160903,  187"
"240,20160904,  181"
"240,20160905,  175"
"240,20160906,  186"
"240,20160907,  200"
"240,20160908,  200"
"240,20160909,  180"
"240,20160910,  195"
"240,20160911,  191"
"240,20160912,  218"
"240,20160913,  242"
"240,20160914,  237"
"240,20160915,  220"
"240,20160916,  178"
"240,20160917,  175"
"240,20160918,  173"
"240,20160919,  161"
"240,20160920,  157"
"240,20160921,  159"
"240,20160922,  158"
"240,20160923,  146"
"240,20160924,  163"
"240,20160925,  161"
"240,20160926,  143"
"240,20160927,  151"
"240,20160928,  183"
"240,20160929,  158"
"240,20160930,  141"
"240,20161001,  131"
"240,20161002,  124"
"240,20161003,  147"
"240,20161004,  134"
"240,20161005,  105"
"240,20161006,  105"
"240,20161007,  125"
"240,20161008,  113"
"240,20161009,   90"
"240,20161010,   88"
"240,20161011,   93"
"240,20161012,   94"
"240,20161013,   91"
"240,20161014,   98"
"240,20161015,  110"
"240,20161016,  134"
"240,20161017,  127"
"240,20161018,  104"
"240,20161019,   99"
"240,20161020,   96"
"240,20161021,   82"
"240,20161022,   69"
"240,20161023,   58"
"240,20161024,   78"
"240,20161025,   90"
"240,20161026,  101"
"240,20161027,  118"
"240,20161028,  132"
"240,20161029,   98"
"240,20161030,   94"
"240,20161031,   97"
"240,20161101,   92"
"240,20161102,   74"
"240,20161103,   74"
"240,20161104,   79"
"240,20161105,   74"
"240,20161106,   68"
"240,20161107,   49"
"240,20161108,   16"
"240,20161109,   32"
"240,20161110,   42"
"240,20161111,   26"
"240,20161112,   24"
"240,20161113,   36"
"240,20161114,   37"
"240,20161115,  112"
"240,20161116,  120"
"240,20161117,   91"
"240,20161118,   62"
"240,20161119,   55"
"240,20161120,   77"
"240,20161121,  116"
"240,20161122,  102"
"240,20161123,   83"
"240,20161124,   69"
"240,20161125,   44"
"240,20161126,   24"
"240,20161127,   69"
"240,20161128,   10"
"240,20161129,  -14"
"240,20161130,   36"
"240,20161201,   91"
"240,20161202,   63"
"240,20161203,   16"
"240,20161204,   -5"
"240,20161205,  -10"
"240,20161206,   11"
"240,20161207,   61"
"240,20161208,   79"
"240,20161209,   94"
"240,20161210,   81"
"240,20161211,   86"
"240,20161212,   56"
"240,20161213,   66"
"240,20161214,   74"
"240,20161215,   64"
"240,20161216,   54"
"240,20161217,   65"
"240,20161218,   58"
"240,20161219,   50"
"240,20161220,    1"
"240,20161221,   42"
"240,20161222,   56"
"240,20161223,   60"
"240,20161224,   86"
"240,20161225,  106"
"240,20161226,   82"
"240,20161227,   65"
"240,20161228,   10"
"240,20161229,  -18"
"240,20161230,    4"
"240,20161231,   37"
"240,20170101,   16"
"240,20170102,   32"
"240,20170103,   57"
"240,20170104,   59"
"240,20170105,    3"
"240,20170106,  -25"
"240,20170107,    7"
"240,20170108,   44"
"240,20170109,   54"
"240,20170110,   57"
"240,20170111,   72"
"240,20170112,   53"
"240,20170113,   37"
"240,20170114,   25"
"240,20170115,   11"
"240,20170116,   -8"
"240,20170117,  -35"
"240,20170118,  -34"
"240,20170119,  -14"
"240,20170120,    3"
"240,20170121,    4"
"240,20170122,  -16"
"240,20170123,    0"
"240,20170124,   13"
"240,20170125,   -9"
"240,20170126,  -25"
"240,20170127,    8"
"240,20170128,   57"
"240,20170129,   44"
"240,20170130,   50"
"240,20170131,   40"
"240,20170201,   37"
"240,20170202,   89"
"240,20170203,   84"
"240,20170204,   54"
"240,20170205,   40"
"240,20170206,   44"
"240,20170207,   24"
"240,20170208,   -1"
"240,20170209,  -14"
"240,20170210,  -22"
"240,20170211,   -4"
"240,20170212,    3"
"240,20170213,   16"
"240,20170214,   37"
"240,20170215,   68"
"240,20170216,   62"
"240,20170217,   69"
"240,20170218,   43"
"240,20170219,   64"
"240,20170220,   91"
"240,20170221,   91"
"240,20170222,   89"
"240,20170223,   77"
"240,20170224,   44"
"240,20170225,   58"
"240,20170226,   87"
"240,20170227,   83"
"240,20170228,   44"
"240,20170301,   61"
"240,20170302,   63"
"240,20170303,   58"
"240,20170304,   86"
"240,20170305,   68"
"240,20170306,   59"
"240,20170307,   66"
"240,20170308,   59"
"240,20170309,   73"
"240,20170310,   66"
"240,20170311,   77"
"240,20170312,   89"
"240,20170313,   63"
"240,20170314,   81"
"240,20170315,   89"
"240,20170316,   99"
"240,20170317,   81"
"240,20170318,   91"
"240,20170319,  113"
"240,20170320,  103"
"240,20170321,   71"
"240,20170322,   71"
"240,20170323,   82"
"240,20170324,   86"
"240,20170325,   87"
"240,20170326,   81"
"240,20170327,  104"
"240,20170328,  117"
"240,20170329,  124"
"240,20170330,  157"
"240,20170331,  138"
"240,20170401,  101"
"240,20170402,  100"
"240,20170403,   91"
"240,20170404,   99"
"240,20170405,   90"
"240,20170406,   80"
"240,20170407,  106"
"240,20170408,  102"
"240,20170409,  127"
"240,20170410,   92"
"240,20170411,   98"
"240,20170412,   99"
"240,20170413,   87"
"240,20170414,   99"
"240,20170415,   93"
"240,20170416,   77"
"240,20170417,   67"
"240,20170418,   64"
"240,20170419,   51"
"240,20170420,   75"
"240,20170421,  108"
"240,20170422,   78"
"240,20170423,   71"
"240,20170424,   92"
"240,20170425,   60"
"240,20170426,   57"
"240,20170427,   69"
"240,20170428,   78"
"240,20170429,   82"
"240,20170430,  130"
"240,20170501,  119"
"240,20170502,  113"
"240,20170503,  109"
"240,20170504,  106"
"240,20170505,   94"
"240,20170506,  124"
"240,20170507,  111"
"240,20170508,   98"
"240,20170509,   86"
"240,20170510,   93"
"240,20170511,  157"
"240,20170512,  154"
"240,20170513,  139"
"240,20170514,  138"
"240,20170515,  149"
"240,20170516,  201"
"240,20170517,  223"
"240,20170518,  152"
"240,20170519,  129"
"240,20170520,  134"
"240,20170521,  144"
"240,20170522,  180"
"240,20170523,  154"
"240,20170524,  155"
"240,20170525,  172"
"240,20170526,  204"
"240,20170527,  223"
"240,20170528,  189"
"240,20170529,  207"
"240,20170530,  172"
"240,20170531,  166"
"240,20170601,  170"
"240,20170602,  203"
"240,20170603,  177"
"240,20170604,  154"
"240,20170605,  170"
"240,20170606,  144"
"240,20170607,  143"
"240,20170608,  163"
"240,20170609,  161"
"240,20170610,  180"
"240,20170611,  197"
"240,20170612,  163"
"240,20170613,  162"
"240,20170614,  181"
"240,20170615,  198"
"240,20170616,  161"
"240,20170617,  186"
"240,20170618,  214"
"240,20170619,  242"
"240,20170620,  211"
"240,20170621,  207"
"240,20170622,  216"
"240,20170623,  186"
"240,20170624,  181"
"240,20170625,  173"
"240,20170626,  161"
"240,20170627,  175"
"240,20170628,  179"
"240,20170629,  171"
"240,20170630,  164"
"240,20170701,  163"
"240,20170702,  158"
"240,20170703,  172"
"240,20170704,  182"
"240,20170705,  190"
"240,20170706,  204"
"240,20170707,  198"
"240,20170708,  181"
"240,20170709,  178"
"240,20170710,  192"
"240,20170711,  182"
"240,20170712,  155"
"240,20170713,  153"
"240,20170714,  153"
"240,20170715,  173"
"240,20170716,  182"
"240,20170717,  180"
"240,20170718,  195"
"240,20170719,  229"
"240,20170720,  191"
"240,20170721,  184"
"240,20170722,  192"
"240,20170723,  163"
"240,20170724,  156"
"240,20170725,  165"
"240,20170726,  186"
"240,20170727,  182"
"240,20170728,  177"
"240,20170729,  185"
"240,20170730,  183"
"240,20170731,  182"
"240,20170801,  182"
"240,20170802,  183"
"240,20170803,  191"
"240,20170804,  186"
"240,20170805,  165"
"240,20170806,  163"
"240,20170807,  165"
"240,20170808,  166"
"240,20170809,  169"
"240,20170810,  164"
"240,20170811,  167"
"240,20170812,  170"
"240,20170813,  163"
"240,20170814,  184"
"240,20170815,  181"
"240,20170816,  174"
"240,20170817,  175"
"240,20170818,  171"
"240,20170819,  160"
"240,20170820,  163"
"240,20170821,  164"
"240,20170822,  182"
"240,20170823,  197"
"240,20170824,  182"
"240,20170825,  177"
"240,20170826,  186"
"240,20170827,  186"
"240,20170828,  195"
"240,20170829,  210"
"240,20170830,  168"
"240,20170831,  148"
"240,20170901,  147"
"240,20170902,  144"
"240,20170903,  146"
"240,20170904,  170"
"240,20170905,  186"
"240,20170906,  160"
"240,20170907,  162"
"240,20170908,  149"
"240,20170909,  141"
"240,20170910,  144"
"240,20170911,  141"
"240,20170912,  149"
"240,20170913,  147"
"240,20170914,  127"
"240,20170915,  126"
"240,20170916,  116"
"240,20170917,  119"
"240,20170918,  122"
"240,20170919,  127"
"240,20170920,  143"
"240,20170921,  144"
"240,20170922,  123"
"240,20170923,  122"
"240,20170924,  135"
"240,20170925,  146"
"240,20170926,  139"
"240,20170927,  143"
"240,20170928,  159"
"240,20170929,  168"
"240,20170930,  135"
"240,20171001,  140"
"240,20171002,  157"
"240,20171003,  139"
"240,20171004,  136"
"240,20171005,  133"
"240,20171006,  118"
"240,20171007,  127"
"240,20171008,  127"
"240,20171009,  125"
"240,20171010,  145"
"240,20171011,  148"
"240,20171012,  135"
"240,20171013,  152"
"240,20171014,  152"
"240,20171015,  160"
"240,20171016,  182"
"240,20171017,  129"
"240,20171018,  143"
"240,20171019,  160"
"240,20171020,  135"
"240,20171021,  129"
"240,20171022,  115"
"240,20171023,  128"
"240,20171024,  154"
"240,20171025,  141"
"240,20171026,  138"
"240,20171027,  117"
"240,20171028,  130"
"240,20171029,  104"
"240,20171030,   83"
"240,20171031,  110"
"240,20171101,  116"
"240,20171102,   97"
"240,20171103,   95"
"240,20171104,  108"
"240,20171105,   76"
"240,20171106,   60"
"240,20171107,   42"
"240,20171108,   62"
"240,20171109,   88"
"240,20171110,   93"
"240,20171111,   77"
"240,20171112,   60"
"240,20171113,   69"
"240,20171114,   81"
"240,20171115,  100"
"240,20171116,   95"
"240,20171117,   61"
"240,20171118,   76"
"240,20171119,   72"
"240,20171120,   85"
"240,20171121,  119"
"240,20171122,  109"
"240,20171123,  106"
"240,20171124,   67"
"240,20171125,   44"
"240,20171126,   62"
"240,20171127,   76"
"240,20171128,   57"
"240,20171129,   31"
"240,20171130,   19"
"240,20171201,    4"
"240,20171202,   -2"
"240,20171203,   53"
"240,20171204,   73"
"240,20171205,   84"
"240,20171206,   86"
"240,20171207,   62"
"240,20171208,   34"
"240,20171209,   34"
"240,20171210,    8"
"240,20171211,    2"
"240,20171212,   19"
"240,20171213,   37"
"240,20171214,   35"
"240,20171215,   23"
"240,20171216,   24"
"240,20171217,   27"
"240,20171218,   59"
"240,20171219,   56"
"240,20171220,   77"
"240,20171221,   84"
"240,20171222,   84"
"240,20171223,   86"
"240,20171224,   85"
"240,20171225,   76"
"240,20171226,   58"
"240,20171227,   53"
"240,20171228,   43"
"240,20171229,   32"
"240,20171230,   87"
"240,20171231,  104"
